Dil ▼,Kaynak Tipi ▼,Başlık ▼,Yazar ▼,Yayınevi/Dergi ▼,Yıl ▼,Anahtar Kelimeler,Link,Open Access,
EN,Makale,Placemaking through guerilla gardens at the TOKI mass housing grounds in Bor (Niğde),"Soyöz, Ufuk","City, Territory and Architecture",2025,,https://doi.org/10.1186/s40410-025-00249-9,TRUE,"<tr>
<td>EN</td>
<td>Makale</td>
<td>Placemaking through guerilla gardens at the TOKI mass housing grounds in Bor (Niğde)</td>
<td>Soyöz, Ufuk</td>
<td>City, Territory and Architecture</td>
<td>2025</td>
<td></td>
<td style=""font-size:xx-large""><a class=""open-access""href =""https://doi.org/10.1186/s40410-025-00249-9"">⟶</a></td>
</tr>"
EN,Makale,Fragmentation in the Sense of Community Comparison in Housing Estate and Single-Family Housing Residential Areas,"Erol, Arzu Maltas; Gormez, Kemal",International Review for Spatial Planning and Sustainable Development,2025,,https://doi.org/10.14246/irspsd.13.1_279,TRUE,"<tr>
<td>EN</td>
<td>Makale</td>
<td>Fragmentation in the Sense of Community Comparison in Housing Estate and Single-Family Housing Residential Areas</td>
<td>Erol, Arzu Maltas; Gormez, Kemal</td>
<td>International Review for Spatial Planning and Sustainable Development</td>
<td>2025</td>
<td></td>
<td style=""font-size:xx-large""><a class=""open-access""href =""https://doi.org/10.14246/irspsd.13.1_279"">⟶</a></td>
</tr>"
TR,Makale,Between Transience and Permanence: Forced Migration Experience of Hatay Residents after the 6 and 20 February 2023 Earthquakes,"Eraslan, Aylin",Folklor Edebiyat,2024,,https://www.folkloredebiyat.org/DergiTamDetay.aspx?ID=3821,TRUE,"<tr>
<td>TR</td>
<td>Makale</td>
<td>Between Transience and Permanence: Forced Migration Experience of Hatay Residents after the 6 and 20 February 2023 Earthquakes</td>
<td>Eraslan, Aylin</td>
<td>Folklor Edebiyat</td>
<td>2024</td>
<td></td>
<td style=""font-size:xx-large""><a class=""open-access""href =""https://www.folkloredebiyat.org/DergiTamDetay.aspx?ID=3821"">⟶</a></td>
</tr>"
EN,Makale,Neoliberalisation through naming: place naming and shifting modes of housing production in Ankara,"Bayatlı, Semire; Batuman, Bülent",International Development Planning Review,2024,,https://doi.org/10.3828/idpr.2024.11,,"<tr>
<td>EN</td>
<td>Makale</td>
<td>Neoliberalisation through naming: place naming and shifting modes of housing production in Ankara</td>
<td>Bayatlı, Semire; Batuman, Bülent</td>
<td>International Development Planning Review</td>
<td>2024</td>
<td></td>
<td style=""font-size:xx-large""><a href =""https://doi.org/10.3828/idpr.2024.11"">⟶</a></td>
</tr>"
EN,Makale,Off the rails: the failure of Turkey’s twenty-year-long construction frenzy,"Güvenç, Muna",International Planning Studies,2024,,https://doi.org/10.1080/13563475.2024.2429602,TRUE,"<tr>
<td>EN</td>
<td>Makale</td>
<td>Off the rails: the failure of Turkey’s twenty-year-long construction frenzy</td>
<td>Güvenç, Muna</td>
<td>International Planning Studies</td>
<td>2024</td>
<td></td>
<td style=""font-size:xx-large""><a class=""open-access""href =""https://doi.org/10.1080/13563475.2024.2429602"">⟶</a></td>
</tr>"
EN,Makale,Understanding sociodemographic characteristics shaping the choice of large homes: lessons from Turkish metropolises,"Caliskan, Bilal; Özkan Yazar, Hatice Aysun; Keskin, Abdulkadir",International Journal of Housing Markets and Analysis,2024,,https://doi.org/10.1108/IJHMA-07-2024-0090,,"<tr>
<td>EN</td>
<td>Makale</td>
<td>Understanding sociodemographic characteristics shaping the choice of large homes: lessons from Turkish metropolises</td>
<td>Caliskan, Bilal; Özkan Yazar, Hatice Aysun; Keskin, Abdulkadir</td>
<td>International Journal of Housing Markets and Analysis</td>
<td>2024</td>
<td></td>
<td style=""font-size:xx-large""><a href =""https://doi.org/10.1108/IJHMA-07-2024-0090"">⟶</a></td>
</tr>"
EN,Makale,Parameters and barriers affecting the marketability of energy efficient residential buildings: a case study in Turkey,"Aydin, Yusuf Cihat; Mirzaei, Parham A.",Architectural Engineering and Design Management,2024,,https://www.tandfonline.com/doi/full/10.1080/17452007.2024.2407351,,"<tr>
<td>EN</td>
<td>Makale</td>
<td>Parameters and barriers affecting the marketability of energy efficient residential buildings: a case study in Turkey</td>
<td>Aydin, Yusuf Cihat; Mirzaei, Parham A.</td>
<td>Architectural Engineering and Design Management</td>
<td>2024</td>
<td></td>
<td style=""font-size:xx-large""><a href =""https://www.tandfonline.com/doi/full/10.1080/17452007.2024.2407351"">⟶</a></td>
</tr>"
EN,Makale,Understanding the consequences of international migration for housing tenure: evidence from a multi-site and intergenerational study,"Eroğlu, Şebnem; Bayrakdar, Sait; Guveli, Ayse",Housing Studies,2024,,https://doi.org/10.1080/02673037.2024.2359404,TRUE,"<tr>
<td>EN</td>
<td>Makale</td>
<td>Understanding the consequences of international migration for housing tenure: evidence from a multi-site and intergenerational study</td>
<td>Eroğlu, Şebnem; Bayrakdar, Sait; Guveli, Ayse</td>
<td>Housing Studies</td>
<td>2024</td>
<td></td>
<td style=""font-size:xx-large""><a class=""open-access""href =""https://doi.org/10.1080/02673037.2024.2359404"">⟶</a></td>
</tr>"
EN,Makale,The Impact of Public Housing Investments on the Economic Development of Provinces: The Case of Turkey (TOKI),"Tantan, Banu; Turk, Sevkiye Sence",Journal of Urban Planning and Development,2024,,https://doi.org/10.1061/JUPDDM.UPENG-4622,,"<tr>
<td>EN</td>
<td>Makale</td>
<td>The Impact of Public Housing Investments on the Economic Development of Provinces: The Case of Turkey (TOKI)</td>
<td>Tantan, Banu; Turk, Sevkiye Sence</td>
<td>Journal of Urban Planning and Development</td>
<td>2024</td>
<td></td>
<td style=""font-size:xx-large""><a href =""https://doi.org/10.1061/JUPDDM.UPENG-4622"">⟶</a></td>
</tr>"
EN,Makale,"Contextualising the housing problem of the Roma community in relation to counterurbanisation in Urla, İzmir","Avar, Adile Arslan; Doğan, Fehmi; Cive, Yağmur Özcan; Akış, Tonguç",Habitat International,2024,,https://doi.org/10.1016/j.habitatint.2023.102972,,"<tr>
<td>EN</td>
<td>Makale</td>
<td>Contextualising the housing problem of the Roma community in relation to counterurbanisation in Urla, İzmir</td>
<td>Avar, Adile Arslan; Doğan, Fehmi; Cive, Yağmur Özcan; Akış, Tonguç</td>
<td>Habitat International</td>
<td>2024</td>
<td></td>
<td style=""font-size:xx-large""><a href =""https://doi.org/10.1016/j.habitatint.2023.102972"">⟶</a></td>
</tr>"
EN,Makale,"Contextualising the housing problem of the Roma community in relation to counterurbanisation in Urla, İzmir","Arslan Avar, Adile; Doğan, Fehmi; Özcan Cive, Yağmur; Akış Tonguç",Habitat International,2024,,https://doi.org/10.1016/j.habitatint.2023.102972,,"<tr>
<td>EN</td>
<td>Makale</td>
<td>Contextualising the housing problem of the Roma community in relation to counterurbanisation in Urla, İzmir</td>
<td>Arslan Avar, Adile; Doğan, Fehmi; Özcan Cive, Yağmur; Akış Tonguç</td>
<td>Habitat International</td>
<td>2024</td>
<td></td>
<td style=""font-size:xx-large""><a href =""https://doi.org/10.1016/j.habitatint.2023.102972"">⟶</a></td>
</tr>"
EN,Makale,The Impact of Public Housing Investments on the Economic Development of Provinces: The Case of Turkey (TOKI),"Tantan, Banu; Şence Türk, Şevkiye",Journal of Urban Planning and Development,2024,,https://doi.org/10.1061/JUPDDM.UPENG-4622,,"<tr>
<td>EN</td>
<td>Makale</td>
<td>The Impact of Public Housing Investments on the Economic Development of Provinces: The Case of Turkey (TOKI)</td>
<td>Tantan, Banu; Şence Türk, Şevkiye</td>
<td>Journal of Urban Planning and Development</td>
<td>2024</td>
<td></td>
<td style=""font-size:xx-large""><a href =""https://doi.org/10.1061/JUPDDM.UPENG-4622"">⟶</a></td>
</tr>"
EN,Makale,"Typological diversity and morphological continuity in the modern residential fabric: The case of Ankara, Turkey","Çalışkan, Olgu; Parlak Temizel, Neris; Akay, Mert; Mashhoodi, Bardia",Habitat International,2023,,https://doi.org/10.1016/j.habitatint.2023.102950,TRUE,"<tr>
<td>EN</td>
<td>Makale</td>
<td>Typological diversity and morphological continuity in the modern residential fabric: The case of Ankara, Turkey</td>
<td>Çalışkan, Olgu; Parlak Temizel, Neris; Akay, Mert; Mashhoodi, Bardia</td>
<td>Habitat International</td>
<td>2023</td>
<td></td>
<td style=""font-size:xx-large""><a class=""open-access""href =""https://doi.org/10.1016/j.habitatint.2023.102950"">⟶</a></td>
</tr>"
EN,Makale,"Protracted displacement and housing systems in intermediary cities: the case of Syrians in Torbalı, Türkiye","te Lintelo, Dolf J. H; Yıldız, Ayselin; Gürel, Meltem Ö; Siviş, Selin; Çün, Perin; Khan, Sadaf; Mull, Robert",International Journal of Housing Policy,2023,,https://doi.org/10.1080/19491247.2023.2245213,TRUE,"<tr>
<td>EN</td>
<td>Makale</td>
<td>Protracted displacement and housing systems in intermediary cities: the case of Syrians in Torbalı, Türkiye</td>
<td>te Lintelo, Dolf J. H; Yıldız, Ayselin; Gürel, Meltem Ö; Siviş, Selin; Çün, Perin; Khan, Sadaf; Mull, Robert</td>
<td>International Journal of Housing Policy</td>
<td>2023</td>
<td></td>
<td style=""font-size:xx-large""><a class=""open-access""href =""https://doi.org/10.1080/19491247.2023.2245213"">⟶</a></td>
</tr>"
TR,Makale,Deprem ve konut fiyatları ilişkisi: konutlarda depreme dayanıklılık ekseninde İstanbul ve İzmir analizleri,"Türkcan, Burcu; Huyugüzel Kışla, Gül Şerife; Bucak, Çağla;",Türk Coğrafya Dergisi,2023,,https://dergipark.org.tr/tr/pub/tcd/issue/77267/1338125,TRUE,"<tr>
<td>TR</td>
<td>Makale</td>
<td>Deprem ve konut fiyatları ilişkisi: konutlarda depreme dayanıklılık ekseninde İstanbul ve İzmir analizleri</td>
<td>Türkcan, Burcu; Huyugüzel Kışla, Gül Şerife; Bucak, Çağla;</td>
<td>Türk Coğrafya Dergisi</td>
<td>2023</td>
<td></td>
<td style=""font-size:xx-large""><a class=""open-access""href =""https://dergipark.org.tr/tr/pub/tcd/issue/77267/1338125"">⟶</a></td>
</tr>"
TR,Makale,"Transforming buildings, reorienting lives: the desire for gentrification in Istanbul","Özbay, Cenk",Urban Geography,2023,,https://cenkozbay.files.wordpress.com/2023/03/2023-transforming-buildings-reorienting-lives-the-desire-for-gentrification-in-istanbul.pdf,TRUE,"<tr>
<td>TR</td>
<td>Makale</td>
<td>Transforming buildings, reorienting lives: the desire for gentrification in Istanbul</td>
<td>Özbay, Cenk</td>
<td>Urban Geography</td>
<td>2023</td>
<td></td>
<td style=""font-size:xx-large""><a class=""open-access""href =""https://cenkozbay.files.wordpress.com/2023/03/2023-transforming-buildings-reorienting-lives-the-desire-for-gentrification-in-istanbul.pdf"">⟶</a></td>
</tr>"
EN,Makale,Children’s place experiences in high-rise mass housing in Ankara,"Can Severcan, Yucel ",Childhood,2023,,https://doi.org/10.1177/09075682231174959,,"<tr>
<td>EN</td>
<td>Makale</td>
<td>Children’s place experiences in high-rise mass housing in Ankara</td>
<td>Can Severcan, Yucel </td>
<td>Childhood</td>
<td>2023</td>
<td></td>
<td style=""font-size:xx-large""><a href =""https://doi.org/10.1177/09075682231174959"">⟶</a></td>
</tr>"
EN,Makale,Effectiveness of the new planning system in transforming housing markets in Turkey,"Alkay, Elif; Watkins, Craig",Town Planning Review,2023,,https://doi.org/10.3828/tpr.2022.25,,"<tr>
<td>EN</td>
<td>Makale</td>
<td>Effectiveness of the new planning system in transforming housing markets in Turkey</td>
<td>Alkay, Elif; Watkins, Craig</td>
<td>Town Planning Review</td>
<td>2023</td>
<td></td>
<td style=""font-size:xx-large""><a href =""https://doi.org/10.3828/tpr.2022.25"">⟶</a></td>
</tr>"
EN,Makale,Housing policies in Turkey post 2002,"Solak, Ali Osman",International Journal of Housing Policy,2023,,https://doi.org/10.1080/19491247.2022.2154905,,"<tr>
<td>EN</td>
<td>Makale</td>
<td>Housing policies in Turkey post 2002</td>
<td>Solak, Ali Osman</td>
<td>International Journal of Housing Policy</td>
<td>2023</td>
<td></td>
<td style=""font-size:xx-large""><a href =""https://doi.org/10.1080/19491247.2022.2154905"">⟶</a></td>
</tr>"
EN,Makale,"Interaction between life satisfaction and housing and neighborhood satisfaction: “privileged” housing areas in the city of Bursa, Turkey","Murat, Dilek; Gür, Miray; Şenkal Sezer, Filiz",Journal of Housing and the Built Environment,2023,,https://doi.org/10.1007/s10901-023-10014-4,TRUE,"<tr>
<td>EN</td>
<td>Makale</td>
<td>Interaction between life satisfaction and housing and neighborhood satisfaction: “privileged” housing areas in the city of Bursa, Turkey</td>
<td>Murat, Dilek; Gür, Miray; Şenkal Sezer, Filiz</td>
<td>Journal of Housing and the Built Environment</td>
<td>2023</td>
<td></td>
<td style=""font-size:xx-large""><a class=""open-access""href =""https://doi.org/10.1007/s10901-023-10014-4"">⟶</a></td>
</tr>"
EN,Makale,"Protracted displacement and housing systems in intermediary cities: the case of Syrians in Torbalı, Türkiye","te Lintelo, Dolf J. H et al.",International Journal of Housing Policy,2023,,https://doi.org/10.1080/19491247.2023.2245213,,"<tr>
<td>EN</td>
<td>Makale</td>
<td>Protracted displacement and housing systems in intermediary cities: the case of Syrians in Torbalı, Türkiye</td>
<td>te Lintelo, Dolf J. H et al.</td>
<td>International Journal of Housing Policy</td>
<td>2023</td>
<td></td>
<td style=""font-size:xx-large""><a href =""https://doi.org/10.1080/19491247.2023.2245213"">⟶</a></td>
</tr>"
EN,Makale,"Typological diversity and morphological continuity in the modern residential fabric: The case of Ankara, Turkey","Çalışkan, Olgu; Parlak Temizel, Neris; Akay, Mert; Mashhoodi, Bardia",Habitat International,2023,,https://doi.org/10.1016/j.habitatint.2023.102950,,"<tr>
<td>EN</td>
<td>Makale</td>
<td>Typological diversity and morphological continuity in the modern residential fabric: The case of Ankara, Turkey</td>
<td>Çalışkan, Olgu; Parlak Temizel, Neris; Akay, Mert; Mashhoodi, Bardia</td>
<td>Habitat International</td>
<td>2023</td>
<td></td>
<td style=""font-size:xx-large""><a href =""https://doi.org/10.1016/j.habitatint.2023.102950"">⟶</a></td>
</tr>"
EN,Makale,"(Lived) Spaces of Belonging, Culture, and Gender: Spatial Practices of Home for Syrian Women in Istanbul","Sezginalp, Özçetin, Pınar; Rottmann, Susan Beth",Space and Culture,2022,"ev, aidiyet, göç, ev yapma",https://doi.org/10.1177/12063312221089213,,"<tr>
<td>EN</td>
<td>Makale</td>
<td>(Lived) Spaces of Belonging, Culture, and Gender: Spatial Practices of Home for Syrian Women in Istanbul</td>
<td>Sezginalp, Özçetin, Pınar; Rottmann, Susan Beth</td>
<td>Space and Culture</td>
<td>2022</td>
<td>ev, aidiyet, göç, ev yapma</td>
<td style=""font-size:xx-large""><a href =""https://doi.org/10.1177/12063312221089213"">⟶</a></td>
</tr>"
EN,Makale,A Non-Schismogenic Approach to Housing Policy in İStanbul,"ÖZdamar, Esen Gökçe",Home Cultures,2022,"konut politikası, sanat, katılım",https://doi.org/10.1080/17406315.2022.2102774,,"<tr>
<td>EN</td>
<td>Makale</td>
<td>A Non-Schismogenic Approach to Housing Policy in İStanbul</td>
<td>ÖZdamar, Esen Gökçe</td>
<td>Home Cultures</td>
<td>2022</td>
<td>konut politikası, sanat, katılım</td>
<td style=""font-size:xx-large""><a href =""https://doi.org/10.1080/17406315.2022.2102774"">⟶</a></td>
</tr>"
,Makale,"Adaptation of Residential Interiors for Low and Middle-Income Syrians Living in Sultanbeyli, Turkey (1)","Cordan, Özge; Özcan Aktan, Talia",METU Journal of the Faculty of Architecture,2022,"konut tasarımı, adaptasyon, konut kültürü",http://jfa.arch.metu.edu.tr/archive/0258-5316/articles/metujfa2022105.pdf,TRUE,"<tr>
<td></td>
<td>Makale</td>
<td>Adaptation of Residential Interiors for Low and Middle-Income Syrians Living in Sultanbeyli, Turkey (1)</td>
<td>Cordan, Özge; Özcan Aktan, Talia</td>
<td>METU Journal of the Faculty of Architecture</td>
<td>2022</td>
<td>konut tasarımı, adaptasyon, konut kültürü</td>
<td style=""font-size:xx-large""><a class=""open-access""href =""http://jfa.arch.metu.edu.tr/archive/0258-5316/articles/metujfa2022105.pdf"">⟶</a></td>
</tr>"
EN,Makale,Examining housing quality in Turkey through resident preferences and their housing conditions: a survey study,"Gürsoy, Özge;
Akıncı, Nazlı Ferah",Property Management,2022,Konut kalitesi,https://doi.org/10.1108/PM-06-2021-0039,,"<tr>
<td>EN</td>
<td>Makale</td>
<td>Examining housing quality in Turkey through resident preferences and their housing conditions: a survey study</td>
<td>Gürsoy, Özge;
Akıncı, Nazlı Ferah</td>
<td>Property Management</td>
<td>2022</td>
<td>Konut kalitesi</td>
<td style=""font-size:xx-large""><a href =""https://doi.org/10.1108/PM-06-2021-0039"">⟶</a></td>
</tr>"
EN,Makale,Housing affordability crisis and vulnerable social groups in Turkey,"Coskun, Yener",Open House International,2022,"konuta erişim, eşitsizlik",https://doi.org/10.1108/OHI-12-2021-0267,TRUE,"<tr>
<td>EN</td>
<td>Makale</td>
<td>Housing affordability crisis and vulnerable social groups in Turkey</td>
<td>Coskun, Yener</td>
<td>Open House International</td>
<td>2022</td>
<td>konuta erişim, eşitsizlik</td>
<td style=""font-size:xx-large""><a href =""https://doi.org/10.1108/OHI-12-2021-0267"">⟶</a></td>
</tr>"
EN,Makale,"Housing and urbanization policies of Istanbul, Turkey from central to the local","Can, Aysegul",Urban Research and Practice,2022,sosyal konut?,https://doi.org/10.1080/17535069.2022.2085376,,"<tr>
<td>EN</td>
<td>Makale</td>
<td>Housing and urbanization policies of Istanbul, Turkey from central to the local</td>
<td>Can, Aysegul</td>
<td>Urban Research and Practice</td>
<td>2022</td>
<td>sosyal konut?</td>
<td style=""font-size:xx-large""><a href =""https://doi.org/10.1080/17535069.2022.2085376"">⟶</a></td>
</tr>"
EN,Kitap,"Housing in Turkey: Policy, Planning, Practice","Özdemir Sarı, Ö. Burcu; Aksoy Khurami, Esma; Uzun, Nil",Routledge,2022,"politika, planlama",https://doi.org/10.4324/9781003173670,,"<tr>
<td>EN</td>
<td>Kitap</td>
<td>Housing in Turkey: Policy, Planning, Practice</td>
<td>Özdemir Sarı, Ö. Burcu; Aksoy Khurami, Esma; Uzun, Nil</td>
<td>Routledge</td>
<td>2022</td>
<td>politika, planlama</td>
<td style=""font-size:xx-large""><a href =""https://doi.org/10.4324/9781003173670"">⟶</a></td>
</tr>"
EN,Makale,"Muhtars becoming real estate agents: Changing roles of neighborhood representatives in relation to the state-led urban transformation in Çinçin, Ankara, Turkey","Aykaç, Gülşah",Journal of Urban Affairs,2022,kentsel dönüşüm,https://doi.org/10.1080/07352166.2022.2027779,,"<tr>
<td>EN</td>
<td>Makale</td>
<td>Muhtars becoming real estate agents: Changing roles of neighborhood representatives in relation to the state-led urban transformation in Çinçin, Ankara, Turkey</td>
<td>Aykaç, Gülşah</td>
<td>Journal of Urban Affairs</td>
<td>2022</td>
<td>kentsel dönüşüm</td>
<td style=""font-size:xx-large""><a href =""https://doi.org/10.1080/07352166.2022.2027779"">⟶</a></td>
</tr>"
EN,Makale,"Multiple homes, emotions, selves: home narratives of women who abandoned unhappy homes in Istanbul",Ceren Lordoğlu,"Gender, Place & Culture ",2022,"ev, aidiyet, homemaking",https://doi.org/10.1080/0966369X.2022.2118241,,"<tr>
<td>EN</td>
<td>Makale</td>
<td>Multiple homes, emotions, selves: home narratives of women who abandoned unhappy homes in Istanbul</td>
<td>Ceren Lordoğlu</td>
<td>Gender, Place & Culture </td>
<td>2022</td>
<td>ev, aidiyet, homemaking</td>
<td style=""font-size:xx-large""><a href =""https://doi.org/10.1080/0966369X.2022.2118241"">⟶</a></td>
</tr>"
EN,Makale,"Neoliberalism and neo-dirigisme in action: The state–corporate alliance and the great housing rush of the 2000s in Istanbul, Turkey","Gülhan, Sinan Tankut",Urban Studies,2022,"imar, siyasal iktisat",https://doi.org/10.1177/00420980211012618,,"<tr>
<td>EN</td>
<td>Makale</td>
<td>Neoliberalism and neo-dirigisme in action: The state–corporate alliance and the great housing rush of the 2000s in Istanbul, Turkey</td>
<td>Gülhan, Sinan Tankut</td>
<td>Urban Studies</td>
<td>2022</td>
<td>imar, siyasal iktisat</td>
<td style=""font-size:xx-large""><a href =""https://doi.org/10.1177/00420980211012618"">⟶</a></td>
</tr>"
EN,Kitap içinde bölüm,The Relationship of Mortgaged Loans with Gated Communities,"Aslan, A.Suvar",Peter Lang,2022,,https://www.researchgate.net/publication/366604562_The_Relationship_of_Mortgaged_Loans_with_Gated_Communities,TRUE,"<tr>
<td>EN</td>
<td>Kitap içinde bölüm</td>
<td>The Relationship of Mortgaged Loans with Gated Communities</td>
<td>Aslan, A.Suvar</td>
<td>Peter Lang</td>
<td>2022</td>
<td></td>
<td style=""font-size:xx-large""><a class=""open-access""href =""https://www.researchgate.net/publication/366604562_The_Relationship_of_Mortgaged_Loans_with_Gated_Communities"">⟶</a></td>
</tr>"
EN,Makale,Caring for debt: women’s work in Istanbul’s mass housing estates,"Alkim Karaagac, Esra ",Urban Geography,2021,,https://doi.org/10.1080/02723638.2023.2226987,,"<tr>
<td>EN</td>
<td>Makale</td>
<td>Caring for debt: women’s work in Istanbul’s mass housing estates</td>
<td>Alkim Karaagac, Esra </td>
<td>Urban Geography</td>
<td>2021</td>
<td></td>
<td style=""font-size:xx-large""><a href =""https://doi.org/10.1080/02723638.2023.2226987"">⟶</a></td>
</tr>"
EN,Makale,Financialization of Housing and Mortgage Debt Repayment Strategies of Households in Turkey,"Aslan, A.Suvar",METU Journal of the Faculty of Architecture,2021,konut finansallaşması; konut kredisi,http://jfa.arch.metu.edu.tr/archive/0258-5316/articles/metujfa2021201.pdf,TRUE,"<tr>
<td>EN</td>
<td>Makale</td>
<td>Financialization of Housing and Mortgage Debt Repayment Strategies of Households in Turkey</td>
<td>Aslan, A.Suvar</td>
<td>METU Journal of the Faculty of Architecture</td>
<td>2021</td>
<td>konut finansallaşması; konut kredisi</td>
<td style=""font-size:xx-large""><a class=""open-access""href =""http://jfa.arch.metu.edu.tr/archive/0258-5316/articles/metujfa2021201.pdf"">⟶</a></td>
</tr>"
EN,Makale,Neo-liberal urbanism and sustainability in Turkey: commodification of nature in gated community marketing,"Cansu Korkmaz, H. Filiz Alkan Meşhur",Journal of Housing and the Built Environment,2021,kentsel sürdürebilirlik,https://doi.org/10.1007/s10901-020-09800-1,,"<tr>
<td>EN</td>
<td>Makale</td>
<td>Neo-liberal urbanism and sustainability in Turkey: commodification of nature in gated community marketing</td>
<td>Cansu Korkmaz, H. Filiz Alkan Meşhur</td>
<td>Journal of Housing and the Built Environment</td>
<td>2021</td>
<td>kentsel sürdürebilirlik</td>
<td style=""font-size:xx-large""><a href =""https://doi.org/10.1007/s10901-020-09800-1"">⟶</a></td>
</tr>"
TR,Makale,Pandemi ve Ötesinde Türkiye'de Konut Hakkı The Right to Housing in Turkey During the Covid-19 Pandemic and Beyond,"Uzunçarşılı Baysal, Cihan",İstanbul Kent Araştırmaları ve Düşünce Dergisi,2021,konut hakkı; pandemi; konut krizi,https://www.academia.edu/45676704/Pandemi_ve_Ötesinde_Türkiyede_Konut_Hakkı_The_Right_to_Housing_in_Turkey_During_the_Covid_19_Pandemic_and_Beyond,TRUE,"<tr>
<td>TR</td>
<td>Makale</td>
<td>Pandemi ve Ötesinde Türkiye'de Konut Hakkı The Right to Housing in Turkey During the Covid-19 Pandemic and Beyond</td>
<td>Uzunçarşılı Baysal, Cihan</td>
<td>İstanbul Kent Araştırmaları ve Düşünce Dergisi</td>
<td>2021</td>
<td>konut hakkı; pandemi; konut krizi</td>
<td style=""font-size:xx-large""><a class=""open-access""href =""https://www.academia.edu/45676704/Pandemi_ve_Ötesinde_Türkiyede_Konut_Hakkı_The_Right_to_Housing_in_Turkey_During_the_Covid_19_Pandemic_and_Beyond"">⟶</a></td>
</tr>"
EN,Makale,The roles of the state in the financialisation of housing in Turkey,"Çelik, Özlem",Housing Studies,2021,konut finansallaşması,https://doi.org/10.1080/02673037.2021.1928003,,"<tr>
<td>EN</td>
<td>Makale</td>
<td>The roles of the state in the financialisation of housing in Turkey</td>
<td>Çelik, Özlem</td>
<td>Housing Studies</td>
<td>2021</td>
<td>konut finansallaşması</td>
<td style=""font-size:xx-large""><a href =""https://doi.org/10.1080/02673037.2021.1928003"">⟶</a></td>
</tr>"
EN,Makale,New Geographies of Residential Capitalism: Financialization of the Turkish Housing Market Since the Early 2000s,"Erol, Isil",International Journal of Urban and Regional Research,2019,konut finansallaşması; siyasi iktisat,https://doi.org/10.1111/1468-2427.12794,,"<tr>
<td>EN</td>
<td>Makale</td>
<td>New Geographies of Residential Capitalism: Financialization of the Turkish Housing Market Since the Early 2000s</td>
<td>Erol, Isil</td>
<td>International Journal of Urban and Regional Research</td>
<td>2019</td>
<td>konut finansallaşması; siyasi iktisat</td>
<td style=""font-size:xx-large""><a href =""https://doi.org/10.1111/1468-2427.12794"">⟶</a></td>
</tr>"
EN,Kitap içinde bölüm,Redefining the Housing Challenges in Turkey: An Urban Planning Perspective,"Özdemir Sarı, Ö. Burcu ",Urban and Regional Planning in Turkey,2019,planlama,https://doi.org/10.1007/978-3-030-05773-2_9,,"<tr>
<td>EN</td>
<td>Kitap içinde bölüm</td>
<td>Redefining the Housing Challenges in Turkey: An Urban Planning Perspective</td>
<td>Özdemir Sarı, Ö. Burcu </td>
<td>Urban and Regional Planning in Turkey</td>
<td>2019</td>
<td>planlama</td>
<td style=""font-size:xx-large""><a href =""https://doi.org/10.1007/978-3-030-05773-2_9"">⟶</a></td>
</tr>"
EN,Makale,The State-Orchestrated Financialization of Housing in Turkey,"Yeşilbağ, Melih",Housing Policy Debate,2019,konut finansallaşması; siyasi iktisat,https://doi.org/10.1080/10511482.2019.1670715,,"<tr>
<td>EN</td>
<td>Makale</td>
<td>The State-Orchestrated Financialization of Housing in Turkey</td>
<td>Yeşilbağ, Melih</td>
<td>Housing Policy Debate</td>
<td>2019</td>
<td>konut finansallaşması; siyasi iktisat</td>
<td style=""font-size:xx-large""><a href =""https://doi.org/10.1080/10511482.2019.1670715"">⟶</a></td>
</tr>"
EN,Makale,"From informal housing to apartment housing: exploring the ‘new social’ in a gecekondu rehousing project, Turkey","Erman, Tahire",Housing Studies,2018,kentsel dönüşüm,https://doi.org/10.1080/02673037.2018.1458293,,"<tr>
<td>EN</td>
<td>Makale</td>
<td>From informal housing to apartment housing: exploring the ‘new social’ in a gecekondu rehousing project, Turkey</td>
<td>Erman, Tahire</td>
<td>Housing Studies</td>
<td>2018</td>
<td>kentsel dönüşüm</td>
<td style=""font-size:xx-large""><a href =""https://doi.org/10.1080/02673037.2018.1458293"">⟶</a></td>
</tr>"
EN,Makale,Privatizing the Land in Turkey,"Uzunçarşılı Baysal, Cihan; HIC-HLRN ",Housing and Land Rights Network (HLRN) - Habitat International Coalition,2018,kentsel dönüşüm; zorla tahliye; konut hakkı,http://hlrn.org/img/publications/BigMasterFinal.pdf,TRUE,"<tr>
<td>EN</td>
<td>Makale</td>
<td>Privatizing the Land in Turkey</td>
<td>Uzunçarşılı Baysal, Cihan; HIC-HLRN </td>
<td>Housing and Land Rights Network (HLRN) - Habitat International Coalition</td>
<td>2018</td>
<td>kentsel dönüşüm; zorla tahliye; konut hakkı</td>
<td style=""font-size:xx-large""><a class=""open-access""href =""http://hlrn.org/img/publications/BigMasterFinal.pdf"">⟶</a></td>
</tr>"
TR,Kitap içinde bölüm,"“Küçük, Mütevazı Bir Evde Yaşamayı Hak Etme(me)k”: Küçükçekmece İlçesi Ayazma Kentsel Dönüşümü ve Bezirgânbahçe’nin Yeniden İskânı","Uzunçarşılı Baysal, Cihan",Koç Üniversitesi Yayınları,2017,kentsel dönüşüm; zorla tahliye; konut hakkı,https://press.ku.edu.tr/kitap/bir-varmis-bir-yokmus/,,"<tr>
<td>TR</td>
<td>Kitap içinde bölüm</td>
<td>“Küçük, Mütevazı Bir Evde Yaşamayı Hak Etme(me)k”: Küçükçekmece İlçesi Ayazma Kentsel Dönüşümü ve Bezirgânbahçe’nin Yeniden İskânı</td>
<td>Uzunçarşılı Baysal, Cihan</td>
<td>Koç Üniversitesi Yayınları</td>
<td>2017</td>
<td>kentsel dönüşüm; zorla tahliye; konut hakkı</td>
<td style=""font-size:xx-large""><a href =""https://press.ku.edu.tr/kitap/bir-varmis-bir-yokmus/"">⟶</a></td>
</tr>"
TR,Doktora tezi,"Modern yapı stoğunun yeniden değerlendirilmesi : İstanbul, Tozkoparan","Şoher, Şebnem",İstanbul Teknik Üniversitesi,2017,mimari; konut stoku; mahalle,https://acikbilim.yok.gov.tr/handle/20.500.12812/636419,TRUE,"<tr>
<td>TR</td>
<td>Doktora tezi</td>
<td>Modern yapı stoğunun yeniden değerlendirilmesi : İstanbul, Tozkoparan</td>
<td>Şoher, Şebnem</td>
<td>İstanbul Teknik Üniversitesi</td>
<td>2017</td>
<td>mimari; konut stoku; mahalle</td>
<td style=""font-size:xx-large""><a class=""open-access""href =""https://acikbilim.yok.gov.tr/handle/20.500.12812/636419"">⟶</a></td>
</tr>"
EN,Makale,Urban design—or lack thereof—as policy: the renewal of Bursa Doğanbey District,"Batuman, Bülent; Erkip, Feyzan",Journal of Housing and the Built Environment,2017,"kentsel dönüşüm, planlama",https://doi.org/10.1007/s10901-017-9542-9,,"<tr>
<td>EN</td>
<td>Makale</td>
<td>Urban design—or lack thereof—as policy: the renewal of Bursa Doğanbey District</td>
<td>Batuman, Bülent; Erkip, Feyzan</td>
<td>Journal of Housing and the Built Environment</td>
<td>2017</td>
<td>kentsel dönüşüm, planlama</td>
<td style=""font-size:xx-large""><a href =""https://doi.org/10.1007/s10901-017-9542-9"">⟶</a></td>
</tr>"
EN,Makale,"Building, Marketing and Living in an Islamic Gated Community: Novel Configurations of Class and Religion in Istanbul","Çavdar, Ayşe",International Journal of Urban and Regional Research,2016,,https://doi.org/10.1111/1468-2427.12364,,"<tr>
<td>EN</td>
<td>Makale</td>
<td>Building, Marketing and Living in an Islamic Gated Community: Novel Configurations of Class and Religion in Istanbul</td>
<td>Çavdar, Ayşe</td>
<td>International Journal of Urban and Regional Research</td>
<td>2016</td>
<td></td>
<td style=""font-size:xx-large""><a href =""https://doi.org/10.1111/1468-2427.12364"">⟶</a></td>
</tr>"
TR,Kitap,Mış Gibi Site,"Erman, Tahire",Iletişim,2016,"kentsel dönüşüm, etnografik çalışma",https://iletisim.com.tr/kitap/mis-gibi-site/9231,,"<tr>
<td>TR</td>
<td>Kitap</td>
<td>Mış Gibi Site</td>
<td>Erman, Tahire</td>
<td>Iletişim</td>
<td>2016</td>
<td>kentsel dönüşüm, etnografik çalışma</td>
<td style=""font-size:xx-large""><a href =""https://iletisim.com.tr/kitap/mis-gibi-site/9231"">⟶</a></td>
</tr>"
EN,Makale,State-led Urban Regeneration in Istanbul: Power Struggles between Interest Groups and Poor Communities,"Oktem Unsal, Binnur",Housing Studies,2015,kentsel dönüşüm,https://doi.org/10.1080/02673037.2015.1021765,,"<tr>
<td>EN</td>
<td>Makale</td>
<td>State-led Urban Regeneration in Istanbul: Power Struggles between Interest Groups and Poor Communities</td>
<td>Oktem Unsal, Binnur</td>
<td>Housing Studies</td>
<td>2015</td>
<td>kentsel dönüşüm</td>
<td style=""font-size:xx-large""><a href =""https://doi.org/10.1080/02673037.2015.1021765"">⟶</a></td>
</tr>"
EN,Makale,Civilizing the Kurdish Population of Ayazma: Ayazma / Tepeüstü Urban Transformation Project -Küçükçekmece Istanbul,"Uzunçarşılı Baysal, Cihan",Journal of Planning,2013,kentsel dönüşüm; zorla tahliye; konut hakkı,https://doi.org/10.5505/planlama.2013.88597,,"<tr>
<td>EN</td>
<td>Makale</td>
<td>Civilizing the Kurdish Population of Ayazma: Ayazma / Tepeüstü Urban Transformation Project -Küçükçekmece Istanbul</td>
<td>Uzunçarşılı Baysal, Cihan</td>
<td>Journal of Planning</td>
<td>2013</td>
<td>kentsel dönüşüm; zorla tahliye; konut hakkı</td>
<td style=""font-size:xx-large""><a href =""https://doi.org/10.5505/planlama.2013.88597"">⟶</a></td>
</tr>"
EN,Doktora tezi,Inner-city regeneration and the politics of resistance in Istanbul: a comparative analysis of Sulukule and Tarlabaşı,"Ünsal, Özlem","City, University of London",2013,kentsel dönüşüm,https://openaccess.city.ac.uk/id/eprint/13026/2/,TRUE,"<tr>
<td>EN</td>
<td>Doktora tezi</td>
<td>Inner-city regeneration and the politics of resistance in Istanbul: a comparative analysis of Sulukule and Tarlabaşı</td>
<td>Ünsal, Özlem</td>
<td>City, University of London</td>
<td>2013</td>
<td>kentsel dönüşüm</td>
<td style=""font-size:xx-large""><a class=""open-access""href =""https://openaccess.city.ac.uk/id/eprint/13026/2/"">⟶</a></td>
</tr>"
TR,Doktora tezi,İstanbul'da 1987-2007 dönemi için bir konut tarihi anlatısı ,"Ataş, Zeynep",İstanbul Teknik Üniversitesi,2013,konut tarihi,https://tez.yok.gov.tr/UlusalTezMerkezi/tezDetay.jsp?id=pF3KtXRGVEAJJS0SUW81qg&no=AHG-gVkEp_4cQq5sG71cUg,TRUE,"<tr>
<td>TR</td>
<td>Doktora tezi</td>
<td>İstanbul'da 1987-2007 dönemi için bir konut tarihi anlatısı </td>
<td>Ataş, Zeynep</td>
<td>İstanbul Teknik Üniversitesi</td>
<td>2013</td>
<td>konut tarihi</td>
<td style=""font-size:xx-large""><a class=""open-access""href =""https://tez.yok.gov.tr/UlusalTezMerkezi/tezDetay.jsp?id=pF3KtXRGVEAJJS0SUW81qg&no=AHG-gVkEp_4cQq5sG71cUg"">⟶</a></td>
</tr>"
TR,Sempozyum Tebligi," İstanbul Küçükçekmece ilçesi Ayazma / Tepeüstü Kentsel Dönüşümü ve Bezirganbahçe Yeniden İskanı: Konut Hakkı ve Kentsel Dönüşümün Ekonomik, Sosyal, Kültürel Hak ihlallerine Bakış","Uzunçarşılı Baysal, Cihan",Güneydoğu Anadolu Belediyeler Birliği(GABB) Kentsel Dönüşüm ve Alternatif Yaklaşımlar Sempozyumu,2012,kentsel dönüşüm; zorla tahliye; konut hakkı,https://www.academia.edu/36410190/G%C3%BCneydo%C4%9Fu_Anadolu_Belediyeler_Birli%C4%9Fi_GABB_Kentsel_D%C3%B6n%C3%BC%C5%9F%C3%BCm_ve_Alternatif_Yakla%C5%9F%C4%B1mlar_Sempozyumu_KASIM_2012,TRUE,"<tr>
<td>TR</td>
<td>Sempozyum Tebligi</td>
<td> İstanbul Küçükçekmece ilçesi Ayazma / Tepeüstü Kentsel Dönüşümü ve Bezirganbahçe Yeniden İskanı: Konut Hakkı ve Kentsel Dönüşümün Ekonomik, Sosyal, Kültürel Hak ihlallerine Bakış</td>
<td>Uzunçarşılı Baysal, Cihan</td>
<td>Güneydoğu Anadolu Belediyeler Birliği(GABB) Kentsel Dönüşüm ve Alternatif Yaklaşımlar Sempozyumu</td>
<td>2012</td>
<td>kentsel dönüşüm; zorla tahliye; konut hakkı</td>
<td style=""font-size:xx-large""><a class=""open-access""href =""https://www.academia.edu/36410190/G%C3%BCneydo%C4%9Fu_Anadolu_Belediyeler_Birli%C4%9Fi_GABB_Kentsel_D%C3%B6n%C3%BC%C5%9F%C3%BCm_ve_Alternatif_Yakla%C5%9F%C4%B1mlar_Sempozyumu_KASIM_2012"">⟶</a></td>
</tr>"
EN,Makale,When National Policies Stand Against Human and Housing Rights: Lessons from Istanbul,"Cabannes, Yves; Uzunçarşılı Baysal, Cihan",AITEC-PASSERELLE,2012,kentsel dönüşüm; zorla tahliye; konut hakkı,https://www.coredem.info/IMG/pdf/housing_in_eurp.pdf,TRUE,"<tr>
<td>EN</td>
<td>Makale</td>
<td>When National Policies Stand Against Human and Housing Rights: Lessons from Istanbul</td>
<td>Cabannes, Yves; Uzunçarşılı Baysal, Cihan</td>
<td>AITEC-PASSERELLE</td>
<td>2012</td>
<td>kentsel dönüşüm; zorla tahliye; konut hakkı</td>
<td style=""font-size:xx-large""><a class=""open-access""href =""https://www.coredem.info/IMG/pdf/housing_in_eurp.pdf"">⟶</a></td>
</tr>"
TR,Makale,"Devlet Müteahhitlerinden Gayrımenkul Geliştiricilerine, Türkiye’de Kentsel Rant ve Bir Meta Olarak Konut Üreticiliği – Konuta Hücum","Gülhan, Sinan Tankut",Birikim,2011,konut üretimi; imar; rant,https://birikimdergisi.com/dergiler/birikim/1/sayi-270-ekim-2011-sayi-270-ekim-2011/2444,,"<tr>
<td>TR</td>
<td>Makale</td>
<td>Devlet Müteahhitlerinden Gayrımenkul Geliştiricilerine, Türkiye’de Kentsel Rant ve Bir Meta Olarak Konut Üreticiliği – Konuta Hücum</td>
<td>Gülhan, Sinan Tankut</td>
<td>Birikim</td>
<td>2011</td>
<td>konut üretimi; imar; rant</td>
<td style=""font-size:xx-large""><a href =""https://birikimdergisi.com/dergiler/birikim/1/sayi-270-ekim-2011-sayi-270-ekim-2011/2444"">⟶</a></td>
</tr>"
EN,Makale,From Ayazma to Bezirganbahçe: The Aftermath of Relocation,"Uzunçarşılı Baysal, Cihan",DIWAN,2010,kentsel dönüşüm; zorla tahliye; konut hakkı,https://periferiesurbanes.files.wordpress.com/2010/08/istanbul_living-in-voluntary-and-involuntary-exclusion.pdf,TRUE,"<tr>
<td>EN</td>
<td>Makale</td>
<td>From Ayazma to Bezirganbahçe: The Aftermath of Relocation</td>
<td>Uzunçarşılı Baysal, Cihan</td>
<td>DIWAN</td>
<td>2010</td>
<td>kentsel dönüşüm; zorla tahliye; konut hakkı</td>
<td style=""font-size:xx-large""><a class=""open-access""href =""https://periferiesurbanes.files.wordpress.com/2010/08/istanbul_living-in-voluntary-and-involuntary-exclusion.pdf"">⟶</a></td>
</tr>"
TR,Yüksek lisans tezi,İstanbul’u Küresel Kent Yapma Araci Olarak Kentsel Dönüsüm Ve Ardindaki Konut Hakki İhlalleri:Ayazma(n)’dan-Bezirgânbahçe’ye Tutunamayanlar,"Uzunçarşılı Baysal, Cihan",İstanbul Bilgi Üniversitesi,2010,kentsel dönüşüm; zorla tahliye; konut hakkı,https://www.e-skop.com/images/UserFiles/Documents/Editor/kent_hakkı.pdf,TRUE,"<tr>
<td>TR</td>
<td>Yüksek lisans tezi</td>
<td>İstanbul’u Küresel Kent Yapma Araci Olarak Kentsel Dönüsüm Ve Ardindaki Konut Hakki İhlalleri:Ayazma(n)’dan-Bezirgânbahçe’ye Tutunamayanlar</td>
<td>Uzunçarşılı Baysal, Cihan</td>
<td>İstanbul Bilgi Üniversitesi</td>
<td>2010</td>
<td>kentsel dönüşüm; zorla tahliye; konut hakkı</td>
<td style=""font-size:xx-large""><a class=""open-access""href =""https://www.e-skop.com/images/UserFiles/Documents/Editor/kent_hakkı.pdf"">⟶</a></td>
</tr>"
EN,Makale,Urban Transformation' as State-led Property Transfer: An Analysis of Two Cases of Urban Renewal in Istanbul,"Kuyucu, Tuna; Ünsal, Özlem",Urban Studies,2010,kentsel dönüşüm,https://doi.org/10.1177/0042098009353629,,"<tr>
<td>EN</td>
<td>Makale</td>
<td>Urban Transformation' as State-led Property Transfer: An Analysis of Two Cases of Urban Renewal in Istanbul</td>
<td>Kuyucu, Tuna; Ünsal, Özlem</td>
<td>Urban Studies</td>
<td>2010</td>
<td>kentsel dönüşüm</td>
<td style=""font-size:xx-large""><a href =""https://doi.org/10.1177/0042098009353629"">⟶</a></td>
</tr>"
TR,Makale,Bourdieu Perspektifiyle Bürokratik Çatışma Alanı ve Konut: Fransa’da Yeni Konut Politikasının İnşası,"Umut Seren Yarım, Eylem Beyazıt, Muharrem Güneş",İdealkent,2020," Pierre Bourdieu, konut politikası, bürokratik alan, devlet",https://dergipark.org.tr/tr/pub/idealkent/issue/58572/757557,,"<tr>
<td>TR</td>
<td>Makale</td>
<td>Bourdieu Perspektifiyle Bürokratik Çatışma Alanı ve Konut: Fransa’da Yeni Konut Politikasının İnşası</td>
<td>Umut Seren Yarım, Eylem Beyazıt, Muharrem Güneş</td>
<td>İdealkent</td>
<td>2020</td>
<td> Pierre Bourdieu, konut politikası, bürokratik alan, devlet</td>
<td style=""font-size:xx-large""><a href =""https://dergipark.org.tr/tr/pub/idealkent/issue/58572/757557"">⟶</a></td>
</tr>"
TR,Makale,Farklı Refah Devleti Modellerinde Konut Politikaları,"Eylem Beyazıt, Umut Seren Yarım",Tarih Okulu Dergisi-Journal of History School,2020,"Konut, Konut Politikaları, Sosyal Konut, Karşılaştırmalı Konut Politikaları, Refah Devleti.",https://johschool.com/?mod=tammetin&makaleadi=&makaleurl=a4117311-a096-4f5c-941b-19f97e5598bc.pdf&key=46189,,"<tr>
<td>TR</td>
<td>Makale</td>
<td>Farklı Refah Devleti Modellerinde Konut Politikaları</td>
<td>Eylem Beyazıt, Umut Seren Yarım</td>
<td>Tarih Okulu Dergisi-Journal of History School</td>
<td>2020</td>
<td>Konut, Konut Politikaları, Sosyal Konut, Karşılaştırmalı Konut Politikaları, Refah Devleti.</td>
<td style=""font-size:xx-large""><a href =""https://johschool.com/?mod=tammetin&makaleadi=&makaleurl=a4117311-a096-4f5c-941b-19f97e5598bc.pdf&key=46189"">⟶</a></td>
</tr>"